Period,UNEMP,Months of Supply,Homes for Sale,Homes for Sale NE,Mortgage Rate,Permits-Valuation,Permits-Valuation NE,Permits-Number,Permits-Number NE,Housing Starts,Housing Starts NE,CONST,Consumption,Disposable Income,Savings,Fed Funds Rate,Homes Sold,Homes Sold NE,GDP Monthly Index
1/1/1993,7.3,5.4,265,49,7.99,6010.26,625.23,67.1,6.9,1091,127,194150,4340.7,7237.6,425.6,1208.0,596,53,99.7515774138274
2/1/1993,7.1,5.3,263,48,7.68,6359.65,626.13,73.1,7.1,1063,109,194689,4355.3,7271.8,441.5,1272.0,604,68,99.6714129362474
3/1/1993,7,5.4,268,48,7.5,8938.94,836,99.1,9.1,950,84,190185,4352.5,7249.2,439.0,1532.0,602,53,99.5910950732639
4/1/1993,7.1,4.7,270,46,7.47,9664.7,1058.62,107.3,11.4,1110,111,198296,4393.4,7286.8,436.4,1204.0,701,102,99.5186869881137
5/1/1993,7.1,5.3,273,47,7.47,9050.01,1145.62,101.7,12.3,1128,107,198835,4422.4,7276.3,415.8,1208.0,626,68,99.4598292813747
6/1/1993,7,5.2,276,48,7.42,10519.76,1248.12,117.8,14,1081,118,203175,4440.0,7262.9,390.9,1568.0,653,66,99.4203485807455
7/1/1993,6.9,5.3,278,48,7.21,9498.59,1132.06,104.5,12.1,1086,116,208760,4468.9,7281.2,382.7,1228.0,655,59,99.4077225965980
8/1/1993,6.8,5.5,286,49,7.11,9938.63,1154.23,111.9,12.4,1162,120,212238,4481.1,7291.8,386.5,1276.0,645,56,99.4289939553997
9/1/1993,6.7,4.9,290,51,6.92,9850.55,1143.5,111.5,12.3,1143,132,214446,4511.5,7271.9,347.5,1596.0,726,60,99.4865982778584
10/1/1993,6.8,5,291,51,6.83,9493.88,1166.92,107,13.2,1209,118,214778,4532.8,7236.4,315.9,1212.0,704,57,99.5715629955908
11/1/1993,6.6,4.8,293,52,7.16,8823.46,1067.75,98.1,11.4,1228,122,227235,4554.1,7256.4,317.6,1264.0,769,53,99.6713004437685
12/1/1993,6.5,4.5,295,53,7.17,8652.52,997.83,100.1,11.4,1316,115,235648,4571.1,7503.7,472.7,1140.0,812,51,99.7751952370424
1/1/1994,6.6,5.9,294,52,7.06,7109.07,491.1,80.7,5,1140,100,238612,4585.1,7363.1,362.4,1472.0,619,50,99.8789204628831
2/1/1994,6.6,5,292,50,7.15,7555.57,516.39,81.7,5.3,1133,86,236577,4632.6,7377.2,335.9,1396.0,686,49,99.9808941683487
3/1/1994,6.5,4.8,296,50,7.68,11514.74,971.73,126.4,10.3,1306,117,235150,4646.0,7401.7,352.8,1672.0,747,65,100.0785256275080
4/1/1994,6.4,5.2,296,50,8.32,11545.97,1205.22,127.6,12.6,1206,132,244746,4671.1,7402.0,332.0,1492.0,692,62,100.1643646781900
5/1/1994,6.1,5.3,301,51,8.6,12048.9,1382.28,131.4,14.3,1244,123,244056,4669.5,7487.4,399.4,1840.0,691,63,100.2301679653000
6/1/1994,6.1,6.2,316,52,8.4,12682.95,1448.23,138.8,15.6,1193,136,244032,4708.9,7475.5,362.9,2384.0,621,54,100.2715919112740
7/1/1994,6.1,6.3,318,54,8.61,10385.24,1389.91,114.8,14.7,1231,124,245463,4720.6,7481.7,369.0,1716.0,628,51,100.2940866022130
8/1/1994,6,6.1,323,54,8.51,11801.99,1321.49,131.5,14.2,1149,121,243134,4762.6,7490.5,343.7,1880.0,656,72,100.3053270522570
9/1/1994,5.9,6,332,53,8.64,11076.11,1188.78,127.2,12.3,1201,120,242619,4775.0,7523.2,358.9,2176.0,677,83,100.3088216289200
10/1/1994,5.8,5.6,331,52,8.93,10231.26,1152.09,117,11.9,1152,121,234905,4812.9,7594.7,380.0,1960.0,715,67,100.2981731371280
11/1/1994,5.6,6.3,335,53,9.17,9005.95,1105.14,100.5,11.5,1187,131,239857,4825.6,7594.4,376.3,2264.0,646,64,100.2629680951190
12/1/1994,5.5,6.6,340,55,9.2,8320.56,1021.45,94.2,10.8,1151,124,241395,4841.6,7629.1,387.2,1976.0,629,49,100.1954739312270
1/1/1995,5.6,6.8,340,55,9.15,6963.54,695.64,78,7.4,1083,125,241184,4851.2,7653.7,405.7,2344.0,626,64,100.0988592879950
2/1/1995,5.4,7.3,341,54,8.83,7247.83,553.38,80.4,5.6,1053,108,234257,4850.8,7669.1,424.5,2440.0,559,58,99.9820220852966
3/1/1995,5.4,6.8,343,55,8.46,9987.5,1007.65,111.5,10.5,996,110,228013,4885.4,7690.3,412.0,2520.0,616,62,99.8563707595396
4/1/1995,5.8,6.7,344,56,8.32,9958.46,1103.72,109.7,11.5,1013,101,225488,4890.2,7633.6,376.1,2424.0,621,55,99.7339466535432
5/1/1995,5.6,6.3,346,58,7.96,11329.89,1191.64,122.8,12.4,1024,101,222062,4933.1,7710.9,393.9,2468.0,674,54,99.6249912480687
6/1/1995,5.6,5.8,349,57,7.57,11863.53,1196.13,129.3,12.4,1022,97,218972,4977.5,7734.0,369.5,2444.0,725,77,99.5351933024502
7/1/1995,5.7,5.6,343,58,7.61,10585.76,1013.02,115.6,10.7,1133,98,224113,4970.2,7751.4,393.7,2388.0,765,54,99.4618679834903
8/1/1995,5.7,6.1,350,59,7.86,12217.83,1209.6,133.5,12.3,1138,119,226045,5005.3,7756.6,373.0,2372.0,701,49,99.3995275228740
9/1/1995,5.6,6.3,354,60,7.64,11091.27,1070.51,124.1,11.2,1095,98,228688,5020.5,7782.0,378.1,2480.0,678,36,99.3440619566947
10/1/1995,5.5,6.3,361,62,7.48,11091.61,1135.99,122.2,11.9,1128,110,227589,5013.9,7790.9,399.9,2388.0,696,54,99.2959461965943
11/1/1995,5.6,6.8,371,64,7.38,9697.39,1016.07,107.8,10.5,1131,90,231913,5055.6,7812.3,371.6,2444.0,664,46,99.2595508873617
12/1/1995,5.6,6.4,374,62,7.2,8776.12,812.22,97.4,8,1168,77,235572,5097.5,7823.0,346.6,1892.0,709,83,99.2417845134191
1/1/1996,5.6,6.4,370,61,7.03,8077.05,540.53,88.3,5.5,1143,87,240958,5085.7,7833.7,380.0,2284.0,714,47,99.2497578417841
2/1/1996,5.5,5.3,362,58,7.08,8972.53,618.01,96,6.1,1158,117,243695,5132.8,7894.3,384.9,2420.0,769,57,99.2884352387332
3/1/1996,5.5,6.2,362,59,7.62,11370.69,1000.8,120.4,10.8,1147,111,249952,5173.3,7919.9,379.5,2100.0,721,51,99.3562766760780
4/1/1996,5.6,6,366,59,7.93,13283.81,1283.67,140.1,14,1211,115,252836,5208.0,7872.3,324.6,2200.0,736,60,99.4384808737776
5/1/1996,5.6,5.9,360,61,8.07,13411.54,1398.01,140.5,14.2,1156,119,259296,5223.8,7972.0,390.6,2124.0,746,54,99.5160938957980
6/1/1996,5.3,6,355,59,8.32,12513.74,1272.17,131.4,13.1,1192,111,263085,5229.8,8020.3,418.2,2000.0,721,77,99.5738638550224
7/1/1996,5.5,5.7,351,56,8.25,12756.6,1281.73,135.1,13.4,1151,110,263549,5251.9,7999.4,390.7,2700.0,770,84,99.6082186599189
8/1/1996,5.1,5,342,51,8,12255.09,1310.79,129.1,14,1252,111,263618,5275.0,8019.8,386.4,2112.0,826,82,99.6217796652796
9/1/1996,5.2,5.2,332,45,8.23,11205.67,1212.84,121.1,12.2,1148,122,265677,5296.6,8038.7,393.9,2436.0,770,89,99.6193753842142
10/1/1996,5.2,5.6,332,42,7.92,11741.07,1288.95,123.7,13.4,1113,114,261444,5328.5,8038.2,377.6,2252.0,720,77,99.6053967506681
11/1/1996,5.4,5.2,330,41,7.62,9595.02,1060.97,100.7,10.8,1121,92,259668,5351.2,8060.2,380.7,2176.0,771,77,99.5851096628268
12/1/1996,5.4,5,326,38,7.6,8993,942.27,99.2,9.4,1060,125,253234,5378.6,8087.7,380.0,2504.0,805,88,99.5666547213879
1/1/1997,5.3,4.7,309,34,7.82,8451.21,843.37,88.1,9.1,1108,128,255365,5411.1,8110.8,370.9,2148.0,830,107,99.5633639062709
2/1/1997,5.2,4.5,296,30,7.65,9046.18,826.36,94.1,9.1,1181,109,258595,5434.0,8133.4,376.6,2200.0,801,96,99.5883022645208
3/1/1997,5.2,4.1,284,28,7.9,11527.64,1130.32,120.1,11.8,1130,108,264566,5454.2,8172.1,389.9,2828.0,831,91,99.6476554916110
4/1/1997,5.1,4.7,289,28,8.14,13397.17,1283.35,137.2,12.6,1124,104,257490,5459.3,8178.2,392.3,2328.0,744,83,99.7319803026764
5/1/1997,4.9,4.6,286,26,7.94,13092.3,1304.13,131.6,12.8,1105,105,264581,5460.2,8214.1,413.3,2232.0,760,83,99.8249524723955
6/1/1997,5,4.4,288,27,7.69,13186.58,1398.3,133.6,14,1120,106,262299,5494.2,8240.5,405.1,2748.0,793,71,99.9101352413266
7/1/1997,4.9,4.4,289,28,7.5,13177.4,1424.61,133.7,13.5,1133,121,261593,5548.8,8271.7,375.3,2384.0,805,66,99.9769923806671
8/1/1997,4.8,4.3,284,28,7.48,12327.55,1307.67,126,12.9,1100,110,263951,5587.0,8314.6,372.5,2208.0,815,73,100.0197300518980
9/1/1997,4.9,4.2,285,27,7.43,12928.14,1286.53,134.4,12.4,1205,111,270511,5601.7,8336.4,387.3,2324.0,840,71,100.0373363284430
10/1/1997,4.7,4.3,287,27,7.29,13421.04,1323.71,135.5,12.5,1127,99,272980,5637.7,8377.6,387.5,2224.0,800,72,100.0352339307760
11/1/1997,4.6,3.9,281,26,7.21,9858.8,1060.89,100.4,10.6,1154,132,272786,5661.1,8431.8,404.1,2200.0,864,85,100.0211674830930
12/1/1997,4.7,4.4,287,26,7.1,10338.44,1111.32,106.4,10.7,1149,111,269192,5692.1,8480.3,408.4,2336.0,793,76,100.0024620956590
1/1/1998,4.6,4,282,27,6.99,9534.98,957.58,96.2,9.7,1227,127,276485,5689.9,8554.9,471.3,2192.0,872,73,99.9841200462183
2/1/1998,4.6,3.9,277,25,7.04,10441.98,939.36,107.4,8.9,1237,130,279249,5723.8,8608.9,474.8,2228.0,866,90,99.9701663406769
3/1/1998,4.7,4.1,281,24,7.13,14005.29,1322.89,140.9,12.1,1221,125,291505,5750.3,8658.3,484.6,2352.0,836,87,99.9649401188464
4/1/1998,4.3,4,286,24,7.14,15090.26,1458.54,146.3,13.2,1230,124,288409,5788.1,8685.6,468.6,2236.0,866,87,99.9740512868803
5/1/1998,4.4,3.9,284,23,7.14,14360.51,1410.54,138.2,13.3,1212,119,292879,5837.9,8721.1,451.6,2252.0,887,95,100.0034420465500
6/1/1998,4.5,3.8,287,23,7,15976.73,1687.24,153.4,16,1275,114,296632,5871.7,8770.5,448.0,2824.0,923,82,100.0574254229170
7/1/1998,4.5,4,284,23,6.95,15487.58,1596.1,149.3,15.4,1300,125,296717,5890.0,8786.0,455.4,2252.0,876,72,100.1352706094920
8/1/1998,4.5,4.1,283,23,6.92,14663.18,1472.47,144.7,14.3,1274,118,299495,5925.0,8814.4,450.7,2356.0,846,77,100.2326636835080
9/1/1998,4.6,4.1,291,24,6.72,14531.02,1532.51,141.7,14.7,1262,115,305345,5965.6,8840.5,425.4,2456.0,864,78,100.3414267782570
10/1/1998,4.5,4,296,25,6.71,15077.67,1568.58,149.8,15.7,1298,124,308127,5998.8,8853.3,413.4,2140.0,893,77,100.4478156529330
11/1/1998,4.4,3.5,292,25,6.87,12507.01,1374.62,119.9,13.4,1383,130,307899,6015.4,8889.8,424.7,2044.0,995,95,100.5375374424030
12/1/1998,4.4,3.8,300,28,6.74,12868.65,1321.15,124.5,12.7,1412,125,302650,6070.5,8907.1,389.8,1628.0,949,76,100.6009419076410
1/1/1999,4.3,3.9,284,26,6.79,10914.41,1006.78,105.7,9.2,1349,119,305968,6073.9,8956.4,435.4,1916.0,875,78,100.6394020671020
2/1/1999,4.4,4,281,23,6.81,12136.67,1038.05,114.7,9.7,1317,139,307914,6099.2,8987.9,428.8,1936.0,848,78,100.6606523782500
3/1/1999,4.2,4.1,286,25,7.04,16568.88,1535.96,154.6,14.4,1345,135,316822,6133.0,8996.9,404.9,1992.0,863,71,100.6759526110450
4/1/1999,4.3,3.9,289,25,6.92,16592.19,1727.57,151.8,15.5,1220,121,316111,6199.5,8969.0,343.8,2012.0,918,77,100.6985608685970
5/1/1999,4.2,4,291,25,7.15,16189.99,1684.46,145.1,14.7,1312,128,320326,6232.1,8986.1,326.2,1844.0,888,70,100.7407357205370
6/1/1999,4.3,3.9,296,26,7.55,18445.89,2022.29,169.3,18.7,1266,132,322905,6260.3,9018.1,322.5,2048.0,923,67,100.8103282815660
7/1/1999,4.3,4,295,26,7.63,16333.64,1708.17,149.1,15.1,1308,123,320854,6287.6,9036.7,328.0,2028.0,900,85,100.9060649333200
8/1/1999,4.2,4,295,25,7.94,16133.84,1661.35,151.9,15.5,1265,134,326779,6331.9,9076.4,325.1,2228.0,893,94,101.0208308174080
9/1/1999,4.2,4.5,303,25,7.82,14588.45,1481.3,137.3,13.4,1286,117,334947,6386.5,9066.3,286.1,2204.0,826,75,101.1431227336500
10/1/1999,4.1,4.2,306,26,7.85,14712.84,1459.56,137.6,12.8,1310,120,342423,6411.4,9117.2,308.6,2108.0,872,69,101.2572044651200
11/1/1999,4.1,4.3,309,28,7.74,13394.37,1467.86,125.6,13.6,1321,122,348035,6448.7,9177.2,321.3,2252.0,863,63,101.3495816607590
12/1/1999,4,4.3,315,28,7.91,12962.39,1388.02,120.9,12.3,1375,128,346989,6541.0,9248.6,297.5,1596.0,873,83,101.4161507263850
1/1/2000,4,4.3,310,27,8.21,11753.44,1218.35,107.3,10.9,1268,121,353065,6542.9,9309.1,358.9,2348.0,873,76,101.4709539291200
2/1/2000,4.1,4.3,305,25,8.33,13301.54,1116.44,121.8,10.4,1255,113,351933,6625.3,9345.2,324.3,2340.0,856,70,101.5315774873510
3/1/2000,4,4.3,310,26,8.24,17325.75,1725.09,153.7,15.1,1313,117,353452,6686.5,9370.3,311.8,2468.0,900,75,101.6055210156910
4/1/2000,3.8,4.4,299,24,8.15,16060.06,1673.7,138.9,14.7,1275,112,356188,6679.1,9418.3,347.8,2424.0,841,75,101.6762800579560
5/1/2000,4,4.4,302,25,8.52,17428.21,1780.16,148.9,15.9,1230,135,349907,6709.7,9457.3,351.1,2732.0,857,70,101.7180216705950
6/1/2000,4,4.8,308,25,8.29,17818.46,1835.61,155.1,16.6,1202,116,348133,6746.9,9483.3,355.3,2744.0,793,73,101.7105772406300
7/1/2000,4,4.1,300,25,8.15,15181.9,1619.9,129.8,14.1,1142,103,337374,6768.5,9533.3,383.8,2656.0,887,64,101.6565574866350
8/1/2000,4.1,4.4,303,26,8.03,17293.33,1774.68,146.8,15.3,1231,109,337583,6802.8,9591.5,389.9,2660.0,848,63,101.5677771831800
9/1/2000,3.9,4,301,26,7.91,15073.92,1668.68,131.4,14.2,1195,129,339048,6888.6,9601.5,340.8,2640.0,912,69,101.4551579328550
10/1/2000,3.9,4,305,27,7.8,15710.49,1707.84,134.8,14.1,1235,121,344095,6893.8,9627.4,360.3,2636.0,933,87,101.3213612936200
11/1/2000,3.9,4.2,309,29,7.75,14478.43,1581.88,121,13.5,1212,120,347301,6909.8,9629.8,355.3,2648.0,880,68,101.1653495954340
12/1/2000,3.9,3.6,301,28,7.38,12124.99,1260.53,102.9,10.3,1226,126,344139,6952.2,9647.6,337.9,2164.0,983,65,100.9885913449740
1/1/2001,4.2,3.8,298,28,7.03,13759.04,1137.8,117,9,1275,108,348279,6987.4,9697.4,379.4,2296.0,936,56,100.8029336142960
2/1/2001,4.2,3.7,291,27,7.05,13384.87,1171.98,114.3,10.6,1280,111,353629,7001.8,9708.8,385.8,2236.0,963,70,100.6216955504430
3/1/2001,4.3,3.8,286,25,6.95,17326.05,1518.9,147.7,12.9,1218,94,350029,6996.7,9733.9,411.8,2116.0,939,75,100.4516829235750
4/1/2001,4.4,3.9,288,23,7.08,17949.09,1679.87,148.6,14.1,1311,120,361991,7004.2,9705.0,394.2,1868.0,909,70,100.2851532514800
5/1/2001,4.3,4,293,24,7.15,19314.11,1904.6,159.8,15.3,1285,99,360534,7052.8,9680.9,347.4,1696.0,885,55,100.1100296809380
6/1/2001,4.5,4.2,302,24,7.16,18384.09,1811.47,153.9,15.1,1295,105,365905,7069.7,9679.4,343.5,1580.0,882,61,99.9198621269483
7/1/2001,4.6,4.2,306,24,7.13,17079.4,1785.68,140.6,15,1298,116,366500,7082.3,9820.7,439.9,1528.0,880,72,99.7243827885641
8/1/2001,4.9,4.4,310,25,6.95,17977.53,1887.88,151.4,15.8,1286,124,369000,7121.7,9982.1,529.7,1464.0,866,65,99.5409836268063
9/1/2001,5,4.4,310,26,6.82,14708.68,1526.31,125.2,12.2,1243,117,368809,7007.0,9896.5,551.5,1100.0,853,51,99.3868092541388
10/1/2001,5.3,4.3,314,27,6.62,16475.37,1788.49,140.2,15.3,1240,113,370957,7212.9,9722.4,237.9,1064.0,871,67,99.2702178525521
11/1/2001,5.5,4.1,313,27,6.66,14338.41,1561.48,124.4,13,1244,106,375803,7182.3,9733.4,274.8,824.0,924,70,99.1936711742323
12/1/2001,5.7,3.8,310,28,7.07,13107.93,1363.2,113.6,11.4,1285,112,376279,7166.7,9750.3,298.0,608.0,979,73,99.1539456997622
1/1/2002,5.7,4.2,313,27,7,14064.42,1284.89,115.7,10.5,1318,128,377631,7184.6,9951.9,451.1,740.0,880,67,99.1394883798968
2/1/2002,5.7,4,309,26,6.89,14966.52,1348.67,122.5,11.7,1501,130,385745,7225.2,9966.6,437.5,732.0,948,66,99.1359620821466
3/1/2002,5.7,4.1,307,26,7.01,17544.95,1518.69,143.2,11.9,1292,129,385406,7243.4,9973.3,448.6,696.0,923,65,99.1299598135103
4/1/2002,5.9,4.3,320,28,6.99,19759.96,1990.5,156,15.5,1277,102,398990,7312.5,10007.2,440.7,728.0,936,58,99.1119368064640
5/1/2002,5.8,4,327,30,6.81,20539.87,2221,164.2,17.9,1402,127,394223,7288.9,10047.9,504.4,716.0,978,70,99.0752759617203
6/1/2002,5.8,4.2,328,30,6.65,19469.01,2000.11,158,16.8,1368,134,401920,7322.5,10078.5,507.4,692.0,957,71,99.0162103748807
7/1/2002,5.8,4.2,333,31,6.49,19878.14,2131.69,159.3,17.3,1323,94,404632,7387.3,10053.5,441.7,704.0,956,63,98.9350619692404
8/1/2002,5.7,4,333,32,6.29,19243.69,1935.18,153.7,15.5,1247,121,398875,7412.6,10056.6,435.9,724.0,1014,55,98.8349778990382
9/1/2002,5.7,3.9,332,31,6.09,18380.4,1893.09,149.5,15.2,1446,119,394820,7391.5,10068.3,482.0,740.0,1044,83,98.7222365333978
10/1/2002,5.7,4,342,33,6.11,20494.92,2090.05,162.9,16.2,1352,116,397077,7435.2,10097.3,474.3,728.0,1006,61,98.6078907330290
11/1/2002,5.9,4,342,35,6.07,16148.01,1632.85,126.8,12.4,1394,109,401424,7463.8,10124.3,476.6,492.0,1024,63,98.5050118986789
12/1/2002,6,4,344,36,6.05,16219.24,1592.97,135.8,12.6,1439,113,411758,7519.9,10148.6,449.6,464.0,1048,55,98.4260852345788
1/1/2003,5.8,4,347,36,5.92,16272.64,1293.04,126.4,10.5,1537,116,417788,7541.3,10133.6,442.9,532.0,999,77,98.3796165815624
2/1/2003,5.9,4.5,339,34,5.84,15933.61,1166.63,128.5,9.6,1301,100,417500,7548.6,10097.6,439.1,532.0,936,49,98.3725412980194
3/1/2003,5.9,4.1,330,30,5.75,19240.66,1620.21,148.4,12.6,1399,111,413303,7611.5,10121.5,415.9,552.0,999,92,98.4102629878102
4/1/2003,6,4.1,339,29,5.81,21893.73,2003.46,167.6,16,1374,127,420510,7634.5,10181.4,426.5,524.0,1012,75,98.4938215547500
5/1/2003,6.1,3.9,341,30,5.48,21974.72,2146.95,169.5,17,1391,116,421143,7650.3,10261.2,465.7,512.0,1078,72,98.6211555139051
6/1/2003,6.3,3.5,342,29,5.23,22850.01,2138.9,175.8,16.9,1513,105,430929,7699.6,10291.2,449.2,580.0,1193,77,98.7849772504896
7/1/2003,6.2,3.6,342,29,5.63,22860.54,2185.01,173,17.9,1535,122,448917,7757.0,10415.5,521.3,416.0,1168,83,98.9673834320636
8/1/2003,6.1,3.5,342,28,6.26,22367.79,2180.13,169.9,18.2,1484,111,453031,7852.1,10487.7,513.3,404.0,1206,78,99.1469899870814
9/1/2003,6.1,3.8,350,27,6.15,22244.19,2097.71,169.1,15.7,1555,114,458676,7853.7,10369.1,439.1,468.0,1131,88,99.3046844906624
10/1/2003,6,3.8,368,29,5.95,24215.92,2507.58,182.8,18.8,1631,111,469855,7867.4,10408.4,453.3,412.0,1144,84,99.4295491994123
11/1/2003,5.8,4.1,367,29,5.93,17505.5,1796.18,130.5,14.1,1694,122,485245,7922.6,10470.9,459.3,404.0,1093,88,99.5167457528277
12/1/2003,5.7,4,377,29,5.88,19701.23,1852.92,147.9,15.1,1647,133,503356,7950.4,10479.0,454.4,376.0,1129,98,99.5676637767537
1/1/2004,5.7,3.8,376,27,5.71,18112.72,1403.76,132,11.2,1560,111,498640,8007.1,10472.7,425.4,412.0,1165,103,99.5926869112925
2/1/2004,5.6,3.7,366,25,5.64,19061.22,1410.33,137.1,10.7,1481,113,500439,8040.4,10491.3,426.3,416.0,1159,84,99.6052893531227
3/1/2004,5.8,3.6,375,26,5.45,26627.29,2382.18,190.7,17.4,1632,133,506879,8098.8,10533.6,418.7,420.0,1276,86,99.6179894497622
4/1/2004,5.6,4,382,26,5.83,27312.55,2578.45,192.5,18.5,1646,139,512400,8107.2,10569.6,452.4,412.0,1186,85,99.6392299284728
5/1/2004,5.6,3.8,379,25,6.27,26317.01,2559.87,188.4,18.8,1652,129,522534,8176.5,10623.3,454.8,408.0,1241,102,99.6744153222541
6/1/2004,5.6,3.9,385,26,6.29,28176.82,2816.14,197.1,21.3,1526,132,527794,8157.6,10631.8,504.3,552.0,1180,74,99.7263582729284
7/1/2004,5.5,4.5,397,29,6.06,26543.24,2613.57,185.9,18.5,1675,120,543260,8236.9,10658.1,453.2,516.0,1088,54,99.7947475709832
8/1/2004,5.4,4.3,404,30,5.87,26410.01,2358.89,185.2,16.5,1691,136,551447,8271.6,10693.5,450.6,620.0,1175,65,99.8777688543634
9/1/2004,5.4,4.1,413,30,5.75,24477.02,2355.17,174.9,17.6,1555,116,546306,8341.5,10701.4,402.3,776.0,1214,81,99.9725722571064
10/1/2004,5.5,3.9,414,29,5.72,24408.2,2177.16,174.5,15.6,1660,126,551137,8397.1,10707.4,387.9,716.0,1305,104,100.0747258464300
11/1/2004,5.4,4.3,423,30,5.73,22302.64,2215.9,156.4,16.5,1458,123,550392,8444.5,10677.3,345.5,808.0,1179,82,100.1786420355730
12/1/2004,5.4,4.1,431,30,5.75,22070.66,1997.24,155.2,14.4,1714,141,566284,8504.4,11072.9,623.8,788.0,1242,66,100.2775287159770
1/1/2005,5.3,4.4,441,32,5.71,20416.78,1701.37,139.7,11.4,1739,131,575650,8497.7,10670.3,296.2,1000.0,1203,67,100.3632775942620
2/1/2005,5.4,4.3,439,32,5.63,22158.37,1587.88,149.4,11.5,1792,149,588435,8559.1,10677.1,263.6,1008.0,1319,85,100.4287640695040
3/1/2005,5.2,4.1,441,33,5.93,28600.34,2086.96,190.5,15.1,1583,136,591580,8598.4,10717.4,285.7,1184.0,1328,78,100.4711741566350
4/1/2005,5.2,4.3,441,33,5.86,29081.77,2428.08,193.2,18,1658,125,598335,8678.4,10751.9,252.0,1188.0,1260,99,100.4968642352420
5/1/2005,5.1,4.2,448,36,5.72,29595.41,2886.97,193.1,19.9,1714,136,603707,8671.6,10799.8,302.0,1236.0,1286,91,100.5157488367330
6/1/2005,5,4.3,458,38,5.58,32303.09,3067.34,211.9,22.1,1719,148,616958,8753.4,10824.4,242.9,1340.0,1274,83,100.5370189701380
7/1/2005,5,4.2,459,40,5.7,28350.14,2633.75,185.5,18.3,1724,137,628750,8853.8,10839.0,193.4,1324.0,1389,100,100.5655067949700
8/1/2005,4.9,4.5,477,42,5.82,31370.78,2828.72,208,20.1,1728,132,633710,8850.1,10856.6,248.7,1452.0,1255,80,100.6040555806960
9/1/2005,5,4.7,491,45,5.77,30299.6,2711.85,193.7,18.6,1789,147,647374,8900.4,10815.7,252.2,1572.0,1244,62,100.6555217700860
10/1/2005,5,4.5,492,44,6.07,27545.46,2521.22,176,16.8,1740,145,658590,8938.5,10870.2,274.5,1608.0,1336,78,100.7242141248870
11/1/2005,5,5,508,45,6.33,25131.4,2391.87,162.9,17.1,1808,133,665376,8946.2,10937.8,304.5,1612.0,1214,85,100.8123432010380
12/1/2005,4.9,4.9,515,47,6.27,23725.94,2036.69,151.3,15,1628,129,670522,8981.1,10976.2,300.1,1636.0,1239,69,100.9153990680890
1/1/2006,4.7,5.3,525,49,6.15,23438.27,1850.36,152.6,12.6,1823,158,675679,9071.6,11096.7,363.2,1788.0,1174,65,101.0162832262830
2/1/2006,4.8,6.1,533,50,6.25,23699.31,1681.68,151,11.9,1804,149,678562,9096.0,11151.4,388.5,1808.0,1061,65,101.0942541353090
3/1/2006,4.7,5.9,550,53,6.32,30220.87,2526.15,194.2,17.2,1601,130,668311,9132.9,11195.7,408.1,2000.0,1116,59,101.1342397514580
4/1/2006,4.7,6.3,558,53,6.51,27012.37,2397.45,168.6,15.6,1511,134,650388,9191.6,11190.3,382.1,1944.0,1123,56,101.1379791270020
5/1/2006,4.6,6.2,563,54,6.6,29267.52,2460.35,184.4,16.5,1570,131,633815,9231.8,11182.7,362.4,2020.0,1086,65,101.1161897005380
6/1/2006,4.6,6.3,570,54,6.68,29213.09,2582.01,184.2,17.7,1451,91,615053,9259.6,11198.2,372.3,2020.0,1074,63,101.0835106615080
7/1/2006,4.7,7.3,568,54,6.76,23539.56,2183.73,148,15.8,1424,106,598487,9343.8,11196.3,315.8,2124.0,965,63,101.0555178705520
8/1/2006,4.7,6.7,570,53,6.52,25571.28,2336.9,161.2,16,1364,121,584460,9342.2,11189.6,336.7,2124.0,1035,88,101.0448910947230
9/1/2006,4.5,6.7,561,51,6.4,21713.64,2133.49,136.6,13.9,1384,104,573878,9375.4,11252.3,327.3,2136.0,1016,62,101.0575185425030
10/1/2006,4.4,7.3,558,54,6.36,21221.98,2147.38,133.1,13.6,1212,104,561444,9393.6,11306.0,327.7,2124.0,941,38,101.0875990270180
11/1/2006,4.5,6.6,548,54,6.24,18078.49,1807.56,111.4,11.7,1290,113,548971,9400.2,11353.1,364.1,2124.0,1003,66,101.1252194643120
12/1/2006,4.4,6.5,537,54,6.14,17423.88,1785.36,113.6,12.1,1249,107,545011,9488.3,11406.8,355.6,2068.0,998,73,101.1628857729280
1/1/2007,4.6,7.2,539,55,6.22,17793.78,1751.47,114.1,12,1130,116,537571,9538.7,11403.7,332.9,2132.0,891,60,101.2017417789160
2/1/2007,4.5,7.9,540,54,6.29,17293.14,1187.3,112.1,8.2,1189,94,531641,9566.0,11439.6,372.9,2164.0,828,50,101.2470893404820
3/1/2007,4.4,7.9,542,52,6.16,21989.5,1898.14,139.4,12.8,1202,93,527865,9611.7,11475.0,402.2,2120.0,833,88,101.3040598511610
4/1/2007,4.5,7.4,542,52,6.18,21346.77,2193.76,130.9,14.4,1197,106,523666,9643.6,11490.1,397.2,2116.0,887,85,101.3730521314890
5/1/2007,4.4,7.8,544,52,6.26,23341.59,2209.37,146,14.1,1130,101,514131,9685.8,11495.5,381.6,2112.0,842,83,101.4515263241290
6/1/2007,4.6,8.2,543,51,6.66,21744.35,2306.49,135.6,15.5,1131,112,505936,9706.8,11488.4,370.1,2124.0,793,65,101.5351553825420
7/1/2007,4.7,8.3,538,52,6.7,20064.2,2265.8,122.5,14.5,1042,89,495976,9751.1,11500.4,356.7,2112.0,778,48,101.6185165290310
8/1/2007,4.6,9.2,538,52,6.57,20140.41,2280.97,126,14.3,957,75,480974,9798.9,11506.2,322.6,1984.0,699,59,101.6949836210890
9/1/2007,4.7,9.2,527,50,6.38,16261.55,1804.7,100.5,11.2,935,78,465709,9845.1,11527.1,333.6,1832.0,686,63,101.7568557575900
10/1/2007,4.7,8.5,518,49,6.38,17005.4,2211.08,103.8,13.7,878,95,447819,9882.7,11523.6,323.6,1840.0,727,62,101.7961966108570
11/1/2007,4.7,9.4,508,48,6.21,13710.81,1534.62,89.5,10.1,833,84,431878,9955.9,11512.3,296.5,1864.0,641,52,101.8071542850810
12/1/2007,5,9.6,496,48,6.1,11688.84,1486.49,77.8,9.8,805,77,416486,9972.8,11552.1,342.1,1224.0,619,54,101.7900918571590
1/1/2008,5,9.3,488,46,5.76,11957.34,1332.88,77.4,8.2,773,97,402138,9996.4,11553.4,348.5,1288.0,627,50,101.7579119493810
2/1/2008,4.9,9.7,475,45,5.92,11612.99,1063.98,75,6.6,724,65,386197,9981.7,11547.6,385.0,1204.0,593,43,101.7239832801980
3/1/2008,5.1,10.5,465,46,5.97,12668.72,1343.61,79.1,8.6,728,67,390471,10035.3,11545.3,367.3,1004.0,535,30,101.6913484416390
4/1/2008,5,10.3,458,44,5.92,14927.71,1657.18,91.5,10,682,58,385328,10070.3,11500.7,312.0,948.0,536,40,101.6422545256940
5/1/2008,5.4,10.7,451,44,6.04,14561.31,1853.5,92.3,12.9,679,69,381911,10132.3,12060.9,826.4,792.0,504,31,101.5476524361200
6/1/2008,5.6,10.7,435,43,6.32,15646.5,3067.48,110.6,30.1,647,60,374495,10187.1,11755.3,564.2,988.0,487,34,101.3780573774680
7/1/2008,5.8,10.5,421,42,6.43,13128.1,1529.79,85.9,10,615,65,364873,10185.1,11574.0,445.0,836.0,477,39,101.1177900257920
8/1/2008,6.1,11.3,411,42,6.48,11613.73,1315.82,76.3,7.4,607,65,352598,10175.7,11506.9,381.3,776.0,435,28,100.7624340977470
9/1/2008,6.1,10.9,398,41,6.04,11206.01,1484.32,70.9,8.4,537,57,340396,10116.4,11531.5,472.7,812.0,433,25,100.3227278868800
10/1/2008,6.5,11.6,384,39,6.2,9765.07,1176.7,63.7,7,542,58,329304,10034.1,11616.7,576.0,88.0,393,35,99.8349998159781
11/1/2008,6.8,11.4,369,38,6.09,6389.16,859.68,41.5,5,459,45,312540,9885.2,11713.8,693.2,208.0,389,39,99.3444590749555
12/1/2008,7.3,11.2,352,37,5.29,6155.91,720.05,41.2,4.7,403,52,293997,9801.5,11655.4,668.7,56.0,377,30,98.8923825500352
1/1/2009,7.8,12.2,340,36,5.05,5425.65,557.85,37.6,3.6,358,26,283870,9847.2,11718.0,676.6,92.0,336,28,98.5040337597596
2/1/2009,8.3,10.5,324,35,5.13,5961.86,707.73,39.2,4.2,358,37,267938,9824.5,11598.7,605.9,88.0,372,31,98.1949958717396
3/1/2009,8.7,11,311,35,5,7282.29,870.31,45.4,4.6,353,42,254645,9773.2,11593.4,639.4,64.0,339,21,97.9728193838534
4/1/2009,9,10.7,300,34,4.81,7884.27,856.27,47.8,5.3,387,40,243958,9772.5,11660.2,718.7,80.0,337,20,97.8328889963735
5/1/2009,9.4,9.3,290,33,4.86,8136.15,978.74,49.5,5.4,408,35,237188,9791.6,11826.7,868.3,76.0,376,26,97.7674842803516
6/1/2009,9.5,8.5,282,32,5.42,9734.54,1059.66,61.3,7,482,49,237343,9852.4,11610.9,672.5,88.0,393,34,97.7687533129821
7/1/2009,9.5,7.9,272,30,5.22,9259.81,1025.97,56.1,6.3,509,53,244141,9886.3,11560.4,593.9,72.0,411,42,97.8262536274438
8/1/2009,9.6,7.5,263,30,5.19,9006.82,1030.97,54,6.3,487,45,250768,10004.1,11538.6,485.5,60.0,418,36,97.9298866044077
9/1/2009,9.8,7.8,254,29,5.06,8916.39,1080.2,52.9,6.4,510,51,254135,9927.8,11573.1,607.4,28.0,386,35,98.0686999044729
10/1/2009,10,7.4,243,28,4.95,8109.42,1050.13,47.9,6.2,476,46,254942,9976.7,11538.1,566.9,44.0,396,32,98.2262577126479
11/1/2009,9.9,7.6,235,27,4.88,7028.01,961.58,42.1,5.6,497,47,255941,9985.7,11571.0,619.7,52.0,375,33,98.3870593649378
12/1/2009,9.9,8,232,27,4.93,7780.82,1154.33,49.2,7.8,484,49,255801,10052.6,11630.0,621.2,20.0,352,39,98.5415284133711
1/1/2010,9.8,8.1,231,26,5.03,6596.79,719.3,40.4,4.2,510,57,254826,10056.1,11644.6,653.0,48.0,345,40,98.6906705920020
2/1/2010,9.8,8.3,229,26,4.99,7379.37,788.09,45.3,4.9,526,53,255121,10093.4,11655.6,625.6,52.0,336,31,98.8401887874110
3/1/2010,9.9,7.1,227,25,4.97,10735.62,984.73,64.1,5.7,542,57,253924,10156.0,11702.1,624.2,36.0,381,32,98.9947815868129
4/1/2010,9.9,6.2,216,24,5.1,9795.97,1094.45,58.9,6.5,566,54,254574,10182.3,11799.8,702.0,80.0,422,34,99.1522162058126
5/1/2010,9.6,9.3,215,24,4.89,8825.31,1020.91,51.1,5.8,457,57,252896,10210.8,11887.9,762.1,76.0,280,28,99.3060619060803
6/1/2010,9.4,8.3,213,24,4.74,9908.84,1326.74,59.2,8.6,445,50,250518,10231.3,11895.0,742.0,36.0,305,34,99.4480648559362
7/1/2010,9.4,8.9,210,24,4.56,8492.01,1019.83,51.6,5.8,426,51,244354,10268.1,11910.8,731.3,72.0,283,28,99.5706278243167
8/1/2010,9.5,8.8,209,23,4.43,8635.96,1042.74,53.7,6.4,417,35,238695,10307.1,11949.7,748.0,84.0,282,30,99.6663299376696
9/1/2010,9.5,7.6,204,22,4.35,8250.2,1106.93,48.5,6.3,449,59,237834,10327.1,11949.4,742.1,60.0,317,36,99.7286736606916
10/1/2010,9.4,8.2,199,22,4.23,7422.68,1016.92,43.5,5.6,438,58,236512,10386.4,11950.4,718.1,80.0,291,31,99.7545908604414
11/1/2010,9.8,8.2,195,22,4.3,7122.25,987.49,40.9,5.1,452,49,237468,10433.6,11960.5,703.7,80.0,287,22,99.7442658251096
12/1/2010,9.3,7,188,22,4.71,7941.33,1465.63,47.6,8.9,429,49,239030,10471.0,12030.1,759.6,52.0,326,22,99.7033837258480
1/1/2011,9.1,7.3,185,21,4.76,6417.33,876.6,36.3,4.5,430,45,240548,10514.3,12084.4,807.3,68.0,307,33,99.6477775904577
2/1/2011,9,8.1,181,21,4.95,6378.21,603.58,37.7,3.6,391,32,240062,10540.6,12117.0,846.5,64.0,270,18,99.5950911957942
3/1/2011,9,7.2,179,20,4.84,9194.5,897.74,54.4,4.7,429,39,241586,10619.7,12083.3,780.5,40.0,300,23,99.5573886329476
4/1/2011,9.1,6.7,172,19,4.84,8806.18,829.62,50.7,5,415,44,244598,10652.1,12061.3,773.5,36.0,310,25,99.5334465762141
5/1/2011,9,6.6,168,19,4.64,9601,1068.4,57.3,7.3,414,38,245449,10672.2,12043.2,772.8,40.0,305,18,99.5179610364750
6/1/2011,9.1,6.6,167,19,4.51,10344.55,1180.4,63.8,8.2,435,38,247520,10694.8,12087.9,795.7,28.0,301,16,99.5095564750722
7/1/2011,9,6.7,165,19,4.55,8699.59,892.96,52.6,5.1,432,42,249770,10731.6,12128.6,819.5,44.0,296,23,99.5180036282909
8/1/2011,9,6.5,164,19,4.27,10400.67,983.86,62.6,6,422,35,251877,10750.3,12120.6,819.2,32.0,299,24,99.5567217317831
9/1/2011,9,6.3,163,18,4.11,9076.53,977.58,53.2,6,418,40,250152,10783.2,12104.0,782.7,24.0,304,19,99.6339422846012
10/1/2011,8.8,6,159,18,4.07,8508.13,934.16,52,5.8,439,43,252821,10802.9,12117.0,774.3,36.0,316,19,99.7415124265619
11/1/2011,8.6,5.7,156,19,3.99,8643.74,1098.79,51.9,6.5,465,58,247279,10806.8,12112.6,792.9,40.0,328,16,99.8636070119619
12/1/2011,8.5,5.3,150,19,3.96,7980.83,868.7,51.6,5.7,522,43,247983,10817.8,12227.3,907.2,16.0,341,20,99.9830657755156
1/1/2012,8.3,5.3,148,19,3.92,7727.77,663.45,47.8,4.9,518,45,251869,10896.8,12311.1,953.0,44.0,335,24,100.0865466095610
2/1/2012,8.3,4.8,146,18,3.89,9084.64,808.19,53.5,5.7,466,49,247503,10987.2,12384.8,959.1,40.0,366,27,100.1639510902650
3/1/2012,8.2,4.9,144,18,3.95,11321.63,973.07,69.5,5.9,472,44,252283,10993.9,12431.1,1014.5,36.0,354,32,100.2088367855250
4/1/2012,8.2,4.9,143,16,3.91,11098.69,1214.08,64.1,7.8,504,45,258567,11018.5,12486.5,1062.5,64.0,354,29,100.2205312991950
5/1/2012,8.2,4.7,144,16,3.8,13144.17,1274.24,77.7,7.3,518,44,263797,11006.8,12490.2,1066.9,64.0,370,36,100.2013332538080
6/1/2012,8.2,4.8,145,17,3.68,13190,1369.96,75.9,8.9,524,49,269664,10989.8,12482.6,1074.9,36.0,360,16,100.1559340023690
7/1/2012,8.2,4.6,142,16,3.55,12765.5,1373.8,74.1,8.1,517,42,273587,11016.8,12396.5,967.8,52.0,369,31,100.0929065874370
8/1/2012,8.1,4.6,145,16,3.6,13745.53,1281.5,80,7.7,536,48,279216,11056.0,12364.4,935.0,52.0,375,27,100.0223912453000
9/1/2012,7.8,4.5,146,15,3.5,12407.38,1185.68,73.7,7.3,594,49,286120,11105.3,12453.3,1009.3,36.0,385,37,99.9549392496119
10/1/2012,7.8,4.9,149,15,3.38,13287.15,1310.21,77.5,7.6,611,41,294197,11137.4,12538.2,1096.1,72.0,358,25,99.9007965275464
11/1/2012,7.7,4.6,150,15,3.35,11350.35,1041.32,68.7,6,569,48,296510,11178.4,12702.9,1214.4,64.0,392,32,99.8675899549653
12/1/2012,7.9,4.5,148,14,3.35,10608.79,1183.89,67.2,7.7,615,57,299101,11181.2,13011.6,1523.4,36.0,399,30,99.8569634336437
1/1/2013,8,4,148,14,3.41,11516.06,1157.02,65.5,6.6,604,48,303792,11245.8,12258.9,725.4,60.0,446,29,99.8595968246122
2/1/2013,7.7,4.1,150,14,3.53,11585.79,900.28,67.8,5,651,68,309078,11282.1,12224.9,698.3,56.0,447,37,99.8634777397443
3/1/2013,7.5,4.2,152,14,3.57,13926.17,1291.66,77.7,7.2,624,46,312083,11268.9,12262.1,729.1,36.0,444,37,99.8610665365077
4/1/2013,7.6,4.4,159,14,3.45,16048.49,1415.76,92.8,8.7,587,61,316537,11259.3,12299.0,765.3,56.0,441,29,99.8562320928177
5/1/2013,7.5,4.6,162,14,3.54,16997.76,1713.84,97.2,9.8,608,50,321706,11295.1,12358.6,800.4,36.0,428,27,99.8572239253286
6/1/2013,7.5,4.1,161,14,4.07,15666.24,1755.16,85.7,11.3,614,52,324770,11318.5,12361.7,811.7,28.0,470,35,99.8697247982626
7/1/2013,7.3,5.5,172,15,4.37,16324.01,1699.53,90.2,11,593,53,328388,11346.8,12350.6,786.5,36.0,375,30,99.8893922214295
8/1/2013,7.2,5.5,177,14,4.46,15842.06,1628.42,87.1,11.2,631,56,335690,11376.9,12379.6,802.3,28.0,381,31,99.9063875205828
9/1/2013,7.2,5.4,185,15,4.49,14655.99,1463.23,83.1,8.8,577,52,339977,11413.9,12431.5,819.0,24.0,403,25,99.9092673406354
10/1/2013,7.2,4.9,187,16,4.19,16126.98,1684.98,92.5,9.3,595,73,346273,11465.2,12395.1,752.2,28.0,444,31,99.8889596994027
11/1/2013,6.9,5,185,16,4.26,13060.62,1423.26,73.5,8.1,699,54,353317,11531.3,12426.2,738.2,28.0,446,33,99.8421709749781
12/1/2013,6.7,5.2,186,16,4.46,13835.93,2015.77,77.8,10,647,48,360754,11558.6,12452.7,763.4,28.0,433,23,99.7763255903786
1/1/2014,6.6,5.1,188,16,4.43,12418.09,1269.06,68.6,6.6,567,51,368359,11543.7,12513.3,856.8,28.0,443,30,99.7162475800741
2/1/2014,6.7,5.3,185,16,4.3,13406.03,1085.38,72.3,6.3,594,38,363860,11615.4,12579.5,855.6,24.0,420,23,99.6912060738386
3/1/2014,6.7,5.6,187,16,4.34,15325.09,1506.89,86.3,10.6,652,54,369329,11695.2,12648.6,868.9,24.0,405,26,99.7215989420922
4/1/2014,6.2,5.7,188,16,4.34,17874.78,1733.59,99.1,10.2,646,52,375347,11737.4,12699.0,901.5,36.0,403,21,99.8030866707588
5/1/2014,6.3,5.2,191,16,4.19,17698.76,1735.67,93.8,10.5,652,53,376671,11778.6,12745.0,930.0,32.0,451,36,99.9188581003896
6/1/2014,6.1,5.7,197,17,4.16,17979.58,1970.92,95.7,12.4,603,52,372569,11838.0,12797.2,940.0,36.0,418,26,100.0480047366720
7/1/2014,6.2,6.2,206,17,4.13,18030.68,1988.61,97.1,11.5,656,45,372572,11879.2,12835.1,953.6,32.0,402,22,100.1713391504210
8/1/2014,6.1,5.4,209,16,4.12,16112.28,1691.93,90.3,10.2,644,55,372893,11958.8,12896.3,931.6,28.0,456,30,100.2741625770660
9/1/2014,5.9,5.4,213,17,4.16,16688.46,1844.8,92.7,11.9,664,52,382053,11964.9,12938.8,967.0,28.0,470,32,100.3493868812050
10/1/2014,5.7,5.3,213,17,4.04,17440.6,1597.74,98.4,10.1,699,52,386299,12035.5,12995.3,946.7,28.0,476,25,100.4020319539730
11/1/2014,5.8,5.7,212,17,4,13459,1574.45,72.8,10,658,51,391521,12058.4,13062.8,980.4,32.0,442,31,100.4415887490590
12/1/2014,5.6,5.1,212,18,3.86,15097.82,1540.34,85,8.2,720,54,401584,12067.6,13150.5,1038.9,24.0,497,31,100.4759181938070
1/1/2015,5.7,4.8,206,18,3.67,13356.84,1230.52,71,7.6,703,54,405137,12036.5,13224.7,1078.7,24.0,515,14,100.5060437349240
2/1/2015,5.5,4.5,201,18,3.71,14390.52,927.65,78.6,5.2,584,22,410444,12083.1,13271.8,1103.4,24.0,540,28,100.5285889671520
3/1/2015,5.4,5.1,202,19,3.77,17785.24,1630.26,92.5,10.2,627,46,410615,12132.2,13233.7,1042.5,24.0,480,20,100.5384684183100
4/1/2015,5.4,4.9,205,20,3.67,19886.59,2311.63,106,16.1,742,56,415495,12170.3,13262.8,1039.3,32.0,502,12,100.5320753354830
5/1/2015,5.6,5,207,21,3.84,20698.38,3750.73,111.9,25.1,708,57,422997,12233.6,13284.7,1026.0,32.0,502,26,100.5068075138320
6/1/2015,5.3,5.4,216,21,3.98,24313.18,4414.24,134.8,30.4,700,45,433819,12270.3,13292.7,1017.7,32.0,480,27,100.4617293415020
7/1/2015,5.2,5.2,219,22,4.05,20001.94,2173.34,103.2,10.7,759,67,439613,12327.5,13324.1,1002.3,32.0,506,28,100.3995544943170
8/1/2015,5.1,5,220,22,3.91,18615.39,1764.28,98.4,9.6,734,56,438567,12359.3,13354.9,1002.7,32.0,518,32,100.3249667194350
9/1/2015,5,5.9,227,23,3.89,18881.49,1901.46,98.3,10.5,746,54,447202,12356.4,13392.0,1024.8,28.0,456,20,100.2441620778650
10/1/2015,5,5.6,228,22,3.8,18480.35,1967.4,99.3,10.6,705,56,448312,12362.3,13419.8,1042.7,28.0,482,33,100.1652808978000
11/1/2015,5.1,5.5,232,22,3.94,17290.99,1715.6,91,9.7,774,65,447200,12397.5,13417.7,1010.7,32.0,504,27,100.0957904817890
12/1/2015,5,5.1,235,24,3.96,17629.98,2487.95,97.5,16.2,765,65,453227,12432.8,13482.0,1027.6,80.0,546,30,100.0397589512170
1/1/2016,4.8,5.6,235,24,3.87,14913.05,1098.5,76.2,5.3,752,61,456059,12452.1,13531.6,1070.4,116.0,505,33,99.9944779552701
2/1/2016,4.9,5.5,236,24,3.66,16787.43,1489.24,86.3,7.8,859,59,462677,12526.3,13546.1,1005.9,116.0,517,28,99.9549163484297
3/1/2016,5,5.5,240,24,3.69,20117.44,1725.23,99.8,8.4,753,58,471006,12506.8,13547.2,1062.2,100.0,532,32,99.9173709186725
4/1/2016,5.1,5,239,25,3.61,20172.65,1851.92,101.9,9,777,56,468968,12586.0,13522.0,1005.1,120.0,576,39,99.8826866355112
5/1/2016,4.8,5.1,238,24,3.6,21029.98,1756.53,110.3,9.7,753,58,469364,12624.4,13515.1,976.1,116.0,571,34,99.8537082163127
6/1/2016,4.9,5.3,243,26,3.57,22702.38,2302.4,117.6,13.3,769,74,474824,12701.7,13521.5,927.7,120.0,557,28,99.8325417752249
7/1/2016,4.8,4.5,236,25,3.44,19163.24,1687.78,97.9,9.1,769,55,476891,12720.6,13567.1,958.1,120.0,628,36,99.8174212144600
8/1/2016,4.9,5,242,26,3.44,21729.07,1942.72,111.6,11,734,53,480151,12749.8,13578.9,962.8,120.0,575,22,99.8049516891446
9/1/2016,5,5.2,248,27,3.46,20943.43,2292.77,111.7,13.4,777,60,481668,12806.8,13608.3,962.8,116.0,558,32,99.7919079353294
10/1/2016,4.9,5.2,250,27,3.47,19747.84,1740.5,104,9.5,859,66,495934,12828.1,13627.7,987.9,124.0,575,36,99.7768359613767
11/1/2016,4.7,5.2,252,27,3.77,18515.49,1670.62,94.5,9.6,817,58,504534,12853.6,13657.8,996.5,124.0,571,30,99.7597024419294
12/1/2016,4.7,5.4,257,27,4.2,17812.52,1636.87,94.8,10.5,801,60,511697,12962.9,13685.3,938.5,220.0,561,37,99.7416953512544
1/1/2017,4.7,5.3,259,27,4.15,17177.63,1742.29,90.6,10.5,792,56,510825,13015.1,13742.1,1000.4,224.0,578,41,99.7251801514129
2/1/2017,4.6,5.2,259,26,4.17,17902.34,1265.68,86.9,6.6,874,71,532441,13034.7,13792.3,1046.9,228.0,601,31,99.7132844180502
3/1/2017,4.4,4.9,263,26,4.2,23051.11,2135.22,115.3,11.2,838,66,528759,13089.6,13851.3,1048.5,328.0,643,42,99.7093906117932
4/1/2017,4.4,5.3,262,25,4.05,21221.93,1811.22,105,9.8,824,48,534393,13127.7,13869.6,1060.2,332.0,604,38,99.7163150976515
5/1/2017,4.4,5.2,269,25,4.01,23719,2124.7,115.3,11.9,828,57,537329,13128.7,13962.6,1147.6,332.0,627,45,99.7367109185609
6/1/2017,4.3,5.4,274,25,3.9,25464.69,2148.23,130.8,11,863,62,537271,13176.8,13963.5,1108.0,424.0,612,42,99.7727091665928
7/1/2017,4.3,6,275,24,3.97,20887.68,1988.14,102.9,10.6,840,65,541798,13198.3,13999.9,1127.1,428.0,553,41,99.8246092322416
8/1/2017,4.4,6.2,284,24,3.88,24216.96,1980.13,122.1,10,866,70,540873,13241.0,14015.8,1134.1,428.0,550,33,99.8916768673433
9/1/2017,4.3,5.5,285,25,3.81,20713.58,2064.33,103.3,10.8,835,75,542523,13365.1,14030.9,1091.8,424.0,622,40,99.9718102644749
10/1/2017,4.2,5.5,289,25,3.9,22545.62,1961.22,116.3,10.3,871,64,536844,13394.8,14062.7,1113.0,428.0,625,44,100.0601271392180
11/1/2017,4.2,4.8,292,25,3.92,19597.76,1812.68,98.8,9.1,931,61,560535,13495.7,14078.4,1049.9,428.0,718,41,100.1511134351500
12/1/2017,4.1,5.3,294,24,3.95,18388.24,1942.82,94.8,11.7,828,50,563267,13601.8,14111.5,989.3,532.0,658,36,100.2402008701620
1/1/2018,4,5.7,294,24,4.03,20021.33,1518.52,98.4,7.6,883,58,571783,13620.1,14211.4,1127.7,536.0,610,33,100.3251739297050
2/1/2018,4.1,5.5,295,23,4.33,19126.09,1561.55,93.4,8.4,902,69,578937,13657.2,14250.1,1162.4,540.0,644,41,100.4043777089720
3/1/2018,4,5.2,293,23,4.44,24164.75,1869.53,119.4,10.8,886,62,575068,13725.0,14298.3,1170.0,668.0,680,36,100.4752461532460
4/1/2018,4,5.5,294,22,4.47,24226.23,1667.87,121.5,8.1,916,58,576621,13809.3,14329.5,1152.3,676.0,658,32,100.5332767109750
5/1/2018,3.8,5.3,299,23,4.59,26373.93,2500.42,126.9,14.3,957,68,579548,13872.1,14373.2,1160.9,680.0,680,36,100.5731768226950
6/1/2018,4,6.2,308,26,4.57,25833.45,2740.08,123.3,12.2,865,72,570055,13912.9,14416.2,1181.7,764.0,598,45,100.5909774854640
7/1/2018,3.8,6.3,313,27,4.53,23326.72,1905.56,114.5,11.9,860,65,559371,13962.6,14467.0,1192.8,764.0,600,24,100.5874905213980
8/1/2018,3.8,6.6,322,26,4.55,24502,1843.47,118.2,9.6,896,68,548672,14014.5,14509.6,1192.5,764.0,582,31,100.5664968235580
9/1/2018,3.7,6.7,326,26,4.63,20242.93,1643.57,100.4,8.6,867,58,548741,14030.7,14498.8,1195.7,872.0,584,27,100.5345202652520
10/1/2018,3.8,7.3,335,27,4.83,23014.64,2121.74,113.9,11.5,862,74,533269,14119.6,14527.7,1169.4,880.0,546,24,100.5019241052090
11/1/2018,3.8,6.5,341,27,4.87,19855.45,1765.71,102.3,10.3,786,62,535057,14187.8,14550.4,1135.5,880.0,618,31,100.4797531839730
12/1/2018,3.9,7.3,348,27,4.64,18569.6,1644.23,96.6,10,777,57,516342,14050.6,14719.3,1450.5,960.0,566,27,100.4767256811680
1/1/2019,4,6.6,349,28,4.46,19009.63,1605.68,96,10.2,940,74,519565,14104.4,14714.3,1386.6,960.0,628,28,100.4955755238230
2/1/2019,3.8,6,340,28,4.37,17880.36,1418.9,91.2,8.8,788,45,519977,14117.9,14742.1,1419.1,960.0,675,33,100.5355824549190
3/1/2019,3.8,5.6,331,28,4.27,21849.5,1723.99,107.8,10.4,843,56,521651,14244.4,14732.5,1324.4,972.0,721,27,100.5935871362820
4/1/2019,3.6,5.8,330,28,4.14,24134.38,1936.95,121.2,11.1,880,66,527291,14329.3,14678.0,1233.3,980.0,689,33,100.6635477088020
5/1/2019,3.6,6.5,334,29,4.07,25038.37,1787.62,127,9.9,843,51,532890,14372.2,14673.5,1190.7,960.0,619,23,100.7388362017590
6/1/2019,3.6,5.6,326,28,3.8,22861.31,2068.22,113.8,12.8,864,46,541719,14425.7,14686.4,1159.0,960.0,711,25,100.8137418410090
7/1/2019,3.7,6.2,327,29,3.77,24496.94,2000.19,121.9,12,887,60,552029,14487.4,14703.7,1138.0,960.0,636,31,100.8846588625000
8/1/2019,3.7,5.8,325,28,3.62,25201.62,2109.98,131.5,14.2,899,63,556709,14536.4,14777.8,1179.0,852.0,677,32,100.9493386876900
9/1/2019,3.5,5.5,322,28,3.61,23076.9,1901.51,118.3,11.1,910,61,559629,14564.7,14807.9,1198.1,760.0,706,34,101.0064896636720
10/1/2019,3.6,5.5,324,29,3.69,27177.34,2577.67,135.8,14.1,889,40,561262,14607.9,14821.4,1203.6,632.0,703,23,101.0558850367570
11/1/2019,3.6,5.5,325,29,3.7,21209.98,2096.33,111,13.7,917,65,572412,14667.6,14885.9,1227.8,624.0,700,34,101.0948193461770
12/1/2019,3.6,5.3,327,28,3.72,21597.08,2143.65,110.7,13,1012,65,581530,14686.3,14844.1,1193.8,620.0,733,39,101.1151862073790
1/1/2020,3.5,5.1,329,27,3.62,23066.85,2175.81,116.4,13.2,992,63,591497,14769.9,14976.5,1293.8,636.0,756,32,101.1013847797230
2/1/2020,3.5,5.3,326,26,3.47,21573.97,1497.14,102.9,8.3,1055,65,609742,14785.1,15068.8,1392.4,632.0,730,43,101.0331534106920
3/1/2020,4.4,6.3,328,27,3.45,24027.23,1632.71,119,9.6,895,57,617567,13762.2,14844.0,2147.9,32.0,623,24,96.1755823398454
4/1/2020,14.7,6.6,321,26,3.31,19776.32,932.74,98.4,5,685,23,597672,12021.8,17170.7,6392.5,20.0,582,22,93.2141552396626
5/1/2020,13.2,5.3,308,25,3.23,21357.95,1631.51,107.3,9.6,733,35,584171,13058.1,16333.0,4478.1,20.0,704,33,91.7391654410746
6/1/2020,11,4.3,299,24,3.16,25978.82,2328.39,127.2,13.5,903,77,590445,13889.3,16057.3,3445.3,32.0,839,52,93.5633712630511
7/1/2020,10.2,3.6,290,23,3.02,28154.57,2528.85,138.9,13.3,995,72,608617,14129.2,16151.9,3359.4,40.0,972,42,95.3719783755668
8/1/2020,8.4,3.5,283,22,2.94,26393.03,1790.56,128.9,10.3,1023,59,632725,14270.5,15553.9,2598.4,36.0,977,46,97.1794112921563
9/1/2020,7.9,3.5,286,22,2.89,27855.55,2312.9,136.3,13.7,1105,68,648272,14481.7,15643.4,2506.2,36.0,971,38,97.4300827937952
10/1/2020,6.9,3.5,284,21,2.83,28535.29,2149.26,135.9,12,1162,56,664062,14546.0,15568.4,2370.9,36.0,969,41,97.7103744293342
11/1/2020,6.7,4,290,23,2.77,24993.87,2302.57,123.1,13.2,1182,71,684497,14467.3,15366.5,2239.3,36.0,865,34,97.9874028629484
12/1/2020,6.7,3.8,302,25,2.68,28738.53,2363.49,137,13.1,1315,84,704835,14389.5,15393.8,2426.2,36.0,943,41,98.3310102653951
1/1/2021,6.4,3.6,300,26,2.74,27128.76,2494.64,128.8,13.4,1143,79,731248,14857.9,16988.6,3798.6,28.0,993,47,98.5786337177635
2/1/2021,6.2,4.5,303,26,2.81,25750.82,1956.88,120.1,10.8,1069,69,729266,14699.6,15548.2,2376.9,28.0,823,40,98.7474273798207
3/1/2021,6,4.2,305,26,3.08,34620.33,2534.15,157.6,13,1255,95,745016,15458.9,19119.5,5763.5,24.0,873,47,98.8824435022505
4/1/2021,6,4.8,315,26,3.06,34074.37,2595.49,157.9,13.6,1061,74,752819,15618.7,16146.9,2331.1,20.0,796,41,99.0655858835580
5/1/2021,5.8,5.4,327,25,2.96,31691.22,2501.82,142.3,13.1,1098,63,762852,15624.4,15669.5,1872.8,20.0,733,40,99.3251667324746
6/1/2021,5.9,6.1,350,26,2.98,33539.45,2715.76,154.5,13.5,1161,79,780726,15802.0,15603.3,1713.2,32.0,683,28,99.5619136707965
7/1/2021,5.4,6.2,364,28,2.87,30961.16,2294.04,139.2,11.4,1112,42,775917,15814.9,15735.2,1920.5,28.0,704,27,99.7828953781567
8/1/2021,5.2,6.8,380,29,2.84,32113.64,2635.99,154.6,13.3,1088,67,780511,15991.1,15720.0,1795.2,24.0,668,31,100.0052836188400
9/1/2021,4.7,6.3,381,29,2.9,29598.42,2135.36,134.6,10.4,1089,69,791074,16088.9,15466.3,1463.7,24.0,725,31,100.2437758055440
10/1/2021,4.6,7,387,29,3.07,29064.97,2009.12,136.4,10.5,1074,54,795324,16317.8,15444.1,1323.3,28.0,667,31,100.4977445887800
11/1/2021,4.2,6.3,398,30,3.07,28837.48,2311.98,131.8,12.5,1222,63,801584,16409.7,15427.5,1319.0,28.0,749,29,100.7596626178500
12/1/2021,3.9,5.6,398,32,3.1,32053.6,4739.98,153.2,25.4,1182,66,818957,16278.8,15380.1,1493.2,28.0,839,28,100.7596626178500
